{
  "project_info": {
    "project_number": "123456789",
    "project_id": "fitness-app-placeholder",
    "storage_bucket": "fitness-app-placeholder.appspot.com"
  },
  "client": [
    {
      "client_info": {
        "mobilesdk_app_id": "1:123456789:android:abcdef123456",
        "android_client_info": {
          "package_name": "com.example.fitness"
        }
      },
      "oauth_client": [],
      "api_key": [
        {
          "current_key": "AIzaSyDummyKeyForPlaceholder123456789"
        }
      ],
      "services": {
        "appinvite_service": {
          "other_platform_oauth_client": []
        }
      }
    }
  ],
  "configuration_version": "1"
}
